,missing_n,missing_pct
arms_tiv_total_log_lag1,213.0,3.350110097514942
oda_total_log_lag1,213.0,3.350110097514942
econ_neocol_score_total_lag1,213.0,3.350110097514942
colonial_tie_flag,0.0,0.0
gdp_per_capita_log,404.0,6.354199433784209
population_log,268.0,4.215162000629129
armed_conflict,235.0,3.6961308587606165
conflict_intensity,235.0,3.6961308587606165
journalist_killings,0.0,0.0
