,Mean econ score,Median econ score,Std,N
Zero killings,13.234170532913168,22.07841769452461,10.988323614885061,5444
Any killing,17.772071371888917,22.423811332136765,9.086627306670728,701
