auc,mcfadden_r2,aic,bic
0.856822792959669,0.28430606191917007,3054.13063363596,3187.321842290023
