mae,rmse,aic,bic,alpha
2.3038615648551346,5.564707190265369,2863.871684422941,2959.0507045596105,0.40587957040806444
