Variable,Q1,Q3,IQR,Lower Bound,Upper Bound,N Outliers,Outlier %
arms_tiv,0.0,0.0,0.0,0.0,0.0,7530,12.630413633466402
bilateral_aid,317565.0,17094596.5,16777031.5,-24847982.25,42260143.75,6893,13.939896456884
bilateral_debt,8447270.0,243461235.4,235013965.4,-344073678.1,595982183.5,1686,12.822267853068674
oda_received,89270002.8996914,543860003.894195,454590000.99450356,-592614998.5920639,1225745005.3859503,4968,8.959907659566793
journalist_killings,0.0,0.0,0.0,0.0,0.0,10501,17.61380791036264
