Variable,Count,Mean,Median,Std,Min,Max,Skewness
arms_tiv,59618,8.846010097621525,0.0,76.98933429167047,0.0,3895.2,20.819105451878944
bilateral_aid,49448,36092240.448996924,2674032.5,192974530.50752607,-3976426.0,11118682959.0,21.14006398178414
bilateral_debt,13149,432280158.052118,51017247.5,1558757231.4128919,0.0,30895965631.8,9.309927342364587
oda_received,55447,500209920.16312873,230950001.381338,1058208891.0995281,-955079969.856893,22028320132.7175,10.268303246163146
journalist_killings,59618,0.6712905498339428,0.0,3.319754599479059,0.0,55.0,10.833577172406262
